Date &  Time,Latitude,Longitude,Temp,Activity,Motion
02-10-2025 15:00,18.647013,73.764272,25.94,0,0
02-10-2025 15:00,18.647013,73.764272,25.94,0,0
02-10-2025 15:00,18.647013,73.764272,25.88,0,0
02-10-2025 15:00,18.647013,73.764272,25.94,0,0
02-10-2025 15:00,18.647013,73.764272,25.94,0,0
02-10-2025 15:00,18.647013,73.764272,25.94,0,0
02-10-2025 15:00,18.647013,73.764272,25.94,0,0
02-10-2025 15:00,18.647013,73.764272,25.94,0,0
02-10-2025 15:00,18.647013,73.764272,25.94,0,0
02-10-2025 15:00,18.647013,73.764272,25.88,0,0
02-10-2025 15:00,18.647013,73.764272,25.94,0,0
02-10-2025 15:00,18.647013,73.764272,25.88,0,0
02-10-2025 15:00,18.647013,73.764272,25.94,0,0
02-10-2025 15:00,18.647013,73.764272,25.94,0,0
02-10-2025 15:00,18.647013,73.764272,25.94,0,0
02-10-2025 15:00,18.647013,73.764272,25.94,0,0
02-10-2025 15:00,18.647013,73.764272,25.88,0,0
02-10-2025 15:00,18.647013,73.764272,25.94,0,0
02-10-2025 15:00,18.647013,73.764272,25.94,0,0
02-10-2025 15:00,18.647013,73.764272,25.94,0,0
02-10-2025 15:00,18.647013,73.764272,25.94,0,0
02-10-2025 15:00,18.647013,73.764272,25.94,0,0
02-10-2025 15:00,18.647013,73.764272,25.94,0,0
02-10-2025 15:00,18.647013,73.764272,25.94,0,0
02-10-2025 15:00,18.647013,73.764272,25.94,0,0
02-10-2025 15:00,18.647013,73.764272,25.94,0,0
02-10-2025 15:00,18.647013,73.764272,25.94,0,0
02-10-2025 15:00,18.647013,73.764272,25.94,0,0
02-10-2025 15:00,18.647013,73.764272,25.94,0,0
02-10-2025 15:00,18.647013,73.764272,25.94,0,0
02-10-2025 15:00,18.647013,73.764272,25.94,0,0
02-10-2025 15:00,18.647013,73.764272,25.94,0,0
02-10-2025 15:00,18.647013,73.764272,25.94,0,0
02-10-2025 15:00,18.647013,73.764272,25.94,0,0
02-10-2025 15:00,18.647013,73.764272,25.94,0,0
02-10-2025 15:00,18.647013,73.764272,25.94,0,0
02-10-2025 15:00,18.647013,73.764272,25.94,0,0
02-10-2025 15:00,18.647013,73.764272,25.94,0,0
02-10-2025 15:00,18.647013,73.764272,25.94,0,0
02-10-2025 15:00,18.647013,73.764272,25.94,0,0
02-10-2025 15:00,18.647013,73.764272,25.94,0,0
02-10-2025 15:00,18.647013,73.764272,25.94,0,0
02-10-2025 15:00,18.647013,73.764272,25.94,0,0
02-10-2025 15:00,18.647013,73.764272,25.94,0,0
02-10-2025 15:00,18.647013,73.764272,25.94,0,0
02-10-2025 15:00,18.647013,73.764272,25.94,0,0
02-10-2025 15:00,18.647013,73.764272,25.94,0,0
02-10-2025 15:00,18.647013,73.764272,25.94,0,0
02-10-2025 15:00,18.647013,73.764272,26,0,0
02-10-2025 15:00,18.647013,73.764272,25.94,1.532,1
02-10-2025 15:00,18.647013,73.764272,25.94,0,0
02-10-2025 15:00,18.647013,73.764272,25.94,0,0
02-10-2025 15:00,18.647013,73.764272,25.94,0,0
02-10-2025 15:00,18.647013,73.764272,25.94,0,0
02-10-2025 15:00,18.647013,73.764272,25.94,0,0
02-10-2025 15:00,18.647013,73.764272,25.94,0,0
02-10-2025 15:00,18.647013,73.764272,25.94,0,0
02-10-2025 15:00,18.647013,73.764272,25.94,0,0
02-10-2025 15:00,18.647013,73.764272,25.94,0,0
02-10-2025 15:00,18.647013,73.764272,25.94,0,0
02-10-2025 15:00,18.647013,73.764272,25.94,0,0
02-10-2025 15:00,18.647013,73.764272,25.94,0,0
02-10-2025 15:01,18.647013,73.764272,25.94,0,0
02-10-2025 15:01,18.647013,73.764272,25.94,0,0
02-10-2025 15:01,18.647013,73.764272,25.94,0,0
02-10-2025 15:01,18.647013,73.764272,25.94,0,0
02-10-2025 15:01,18.647013,73.764272,26,0,0
02-10-2025 15:01,18.647013,73.764272,25.94,0,0
02-10-2025 15:01,18.647013,73.764272,25.94,0,0
02-10-2025 15:01,18.647013,73.764272,25.94,0,0
02-10-2025 15:01,18.647013,73.764272,25.94,0,0
02-10-2025 15:01,18.647013,73.764272,25.94,0,0
02-10-2025 15:01,18.647013,73.764272,25.94,0,0
02-10-2025 15:01,18.647013,73.764272,25.94,0,0
02-10-2025 15:01,18.647013,73.764272,25.94,0,0
02-10-2025 15:01,18.647013,73.764272,25.94,0,0
02-10-2025 15:01,18.647013,73.764272,25.94,0,0
02-10-2025 15:01,18.647013,73.764272,25.94,0,0
02-10-2025 15:01,18.647013,73.764272,25.94,0,0
02-10-2025 15:01,18.647013,73.764272,25.94,0,0
02-10-2025 15:01,18.647013,73.764272,25.94,0,0
02-10-2025 15:01,18.647013,73.764272,25.94,0,0
02-10-2025 15:01,18.647013,73.764272,25.94,0,0
02-10-2025 15:01,18.647013,73.764272,25.94,0,0
02-10-2025 15:01,18.647013,73.764272,25.94,0,0
02-10-2025 15:01,18.647013,73.764272,25.94,0,0
02-10-2025 15:01,18.647013,73.764272,25.94,0,0
02-10-2025 15:01,18.647013,73.764272,25.94,0,0
uptime 00:00:04,NA,NA,25.94,0,0
uptime 00:00:05,NA,NA,25.94,0,0
uptime 00:00:06,NA,NA,25.94,0,0
uptime 00:00:07,NA,NA,25.94,0,0
uptime 00:00:08,NA,NA,25.94,0,0
uptime 00:00:09,NA,NA,25.94,0,0
uptime 00:00:10,NA,NA,25.94,0,0
uptime 00:00:11,NA,NA,25.94,0,0
uptime 00:00:12,NA,NA,25.94,0,0
uptime 00:00:13,NA,NA,25.94,0,0
uptime 00:00:14,NA,NA,25.94,0,0
uptime 00:00:15,NA,NA,25.94,0,0
uptime 00:00:16,NA,NA,25.94,0,0
uptime 00:00:17,NA,NA,25.88,0,0
uptime 00:00:18,NA,NA,25.94,0,0
uptime 00:00:19,NA,NA,25.94,0,0
uptime 00:00:20,NA,NA,25.94,0,0
uptime 00:00:21,NA,NA,25.94,0,0
uptime 00:00:22,NA,NA,25.94,0,0
uptime 00:00:23,NA,NA,25.88,0,0
uptime 00:00:24,NA,NA,25.88,0,0
uptime 00:00:25,NA,NA,25.94,0,0
uptime 00:00:26,NA,NA,25.94,0,0
uptime 00:00:27,NA,NA,25.88,0,0
uptime 00:00:28,NA,NA,25.94,0,0
uptime 00:00:29,NA,NA,25.88,0,0
uptime 00:00:30,NA,NA,25.94,0,0
uptime 00:00:31,NA,NA,25.88,0,0
uptime 00:00:32,NA,NA,25.88,0,0
uptime 00:00:33,NA,NA,25.88,0,0
uptime 00:00:34,NA,NA,25.88,0,0
uptime 00:00:35,NA,NA,25.94,0,0
uptime 00:00:36,NA,NA,25.88,0,0
uptime 00:00:37,NA,NA,25.88,0,0
uptime 00:00:38,NA,NA,25.94,0,0
uptime 00:00:39,NA,NA,25.94,0,0
uptime 00:00:40,NA,NA,25.88,0,0
uptime 00:00:41,NA,NA,25.88,0,0
uptime 00:00:42,NA,NA,25.94,0,0
uptime 00:00:43,NA,NA,25.94,0,0
uptime 00:00:44,NA,NA,25.94,0,0
uptime 00:00:45,NA,NA,25.94,0,0
uptime 00:00:46,NA,NA,25.94,0,0
uptime 00:00:47,NA,NA,25.94,0,0
uptime 00:00:48,NA,NA,25.94,0,0
uptime 00:00:49,NA,NA,25.94,0,0
uptime 00:00:50,NA,NA,25.94,0,0
uptime 00:00:51,NA,NA,25.94,0,0
uptime 00:00:52,NA,NA,25.94,0,0
uptime 00:00:53,NA,NA,25.94,0,0
uptime 00:00:54,NA,NA,25.94,0,0
uptime 00:00:55,NA,NA,25.94,0,0
uptime 00:00:56,NA,NA,25.94,0,0
uptime 00:00:57,NA,NA,25.94,0,0
uptime 00:00:58,NA,NA,25.94,0,0
uptime 00:00:59,NA,NA,25.94,0,0
uptime 00:01:00,NA,NA,25.94,0,0
uptime 00:01:01,NA,NA,25.94,0,0
uptime 00:01:02,NA,NA,25.94,0,0
uptime 00:01:03,NA,NA,25.94,0,0
uptime 00:01:04,NA,NA,25.94,0,0
uptime 00:01:05,NA,NA,25.94,0,0
uptime 00:01:06,NA,NA,25.94,0,0
uptime 00:01:07,NA,NA,25.94,0,0
uptime 00:00:03,NA,NA,85,6.703,1
uptime 00:00:04,NA,NA,25.94,1.945,1
uptime 00:00:05,NA,NA,26,0,0
uptime 00:00:06,NA,NA,25.94,0,0
uptime 00:00:07,NA,NA,25.94,0,0
uptime 00:00:08,NA,NA,25.94,0,0
uptime 00:00:09,NA,NA,25.94,0,0
uptime 00:00:10,NA,NA,25.94,0,0
uptime 00:00:11,NA,NA,25.94,0,0
uptime 00:00:12,NA,NA,25.94,0,0
uptime 00:00:13,NA,NA,25.94,0,0
uptime 00:00:14,NA,NA,25.94,0,0
uptime 00:00:15,NA,NA,25.94,0,0
uptime 00:00:16,NA,NA,25.94,0,0
uptime 00:00:17,NA,NA,25.94,0,0
uptime 00:00:18,NA,NA,25.94,0,0
uptime 00:00:19,NA,NA,25.94,0,0
uptime 00:00:20,NA,NA,25.94,0,0
uptime 00:00:21,NA,NA,25.94,0,0
uptime 00:00:22,NA,NA,25.94,0,0
uptime 00:00:23,NA,NA,25.94,0,0
uptime 00:00:24,NA,NA,25.94,0,0
uptime 00:00:25,NA,NA,25.94,0,0
uptime 00:00:26,NA,NA,25.94,0,0
uptime 00:00:27,NA,NA,25.94,0,0
uptime 00:00:28,NA,NA,25.94,0,0
uptime 00:00:29,NA,NA,25.94,0,0
uptime 00:00:30,NA,NA,25.94,0,0
uptime 00:00:31,NA,NA,25.94,0,0
uptime 00:00:32,NA,NA,25.94,0,0
uptime 00:00:33,NA,NA,25.94,0,0
uptime 00:00:34,NA,NA,25.94,0,0
uptime 00:00:35,NA,NA,25.94,0,0
uptime 00:00:36,NA,NA,25.94,0,0
uptime 00:00:37,NA,NA,25.94,0,0
uptime 00:00:38,NA,NA,25.94,0,0
uptime 00:00:39,NA,NA,25.94,0,0
uptime 00:00:40,NA,NA,25.94,0,0
uptime 00:00:41,NA,NA,25.94,0,0
uptime 00:00:42,NA,NA,25.88,0,0
uptime 00:00:03,NA,NA,25.94,0,0
uptime 00:00:04,NA,NA,25.81,0,0
uptime 00:00:05,NA,NA,25.88,0,0
uptime 00:00:06,NA,NA,25.81,0,0
uptime 00:00:07,NA,NA,25.88,0,0
uptime 00:00:08,NA,NA,25.88,0,0
uptime 00:00:09,NA,NA,25.88,0,0
uptime 00:00:10,NA,NA,25.88,0,0
uptime 00:00:11,NA,NA,25.81,0,0
uptime 00:00:12,NA,NA,25.88,0,0
uptime 00:00:13,NA,NA,25.88,0,0
uptime 00:00:14,NA,NA,25.81,0,0
uptime 00:00:15,NA,NA,25.81,0,0
uptime 00:00:16,NA,NA,25.81,0,0
uptime 00:00:17,NA,NA,25.81,0,0
uptime 00:00:18,NA,NA,25.88,0,0
uptime 00:00:19,NA,NA,25.88,0,0
uptime 00:00:20,NA,NA,25.88,0,0
uptime 00:00:21,NA,NA,25.81,0,0
uptime 00:00:22,NA,NA,25.81,0,0
uptime 00:00:23,NA,NA,25.81,0,0
uptime 00:00:24,NA,NA,25.81,0,0
uptime 00:00:25,NA,NA,25.81,0,0
uptime 00:00:04,NA,NA,85,6.703,1
uptime 00:00:05,NA,NA,25.81,1.945,1
uptime 00:00:06,NA,NA,25.81,0,0
uptime 00:00:07,NA,NA,25.81,0,0
uptime 00:00:08,NA,NA,25.81,0,0
uptime 00:00:09,NA,NA,25.81,0,0
uptime 00:00:10,NA,NA,25.81,0,0
uptime 00:00:11,NA,NA,25.81,0,0
uptime 00:00:12,NA,NA,25.81,0,0
uptime 00:00:13,NA,NA,25.81,0,0
uptime 00:00:14,NA,NA,25.81,0,0
uptime 00:00:15,NA,NA,25.81,0,0
uptime 00:00:16,NA,NA,25.81,0,0
uptime 00:00:17,NA,NA,25.81,0,0
uptime 00:00:18,NA,NA,25.81,0,0
uptime 00:00:19,NA,NA,25.81,0,0
uptime 00:00:20,NA,NA,25.81,0,0
uptime 00:00:21,NA,NA,25.81,0,0
uptime 00:00:22,NA,NA,25.75,0,0
uptime 00:00:23,NA,NA,25.75,0,0
uptime 00:00:24,NA,NA,25.75,0,0
uptime 00:00:25,NA,NA,25.81,0,0
uptime 00:00:26,NA,NA,25.75,0,0
uptime 00:00:27,NA,NA,25.81,0,0
uptime 00:00:28,NA,NA,25.81,0,0
uptime 00:00:29,NA,NA,25.81,0,0
uptime 00:00:30,NA,NA,25.81,0,0
uptime 00:00:31,NA,NA,25.81,0,0
uptime 00:00:32,NA,NA,25.81,0,0
uptime 00:00:33,NA,NA,25.81,0,0
uptime 00:00:34,NA,NA,25.81,0,0
uptime 00:00:35,NA,NA,25.81,0,0
uptime 00:00:36,NA,NA,25.81,0,0
uptime 00:00:37,NA,NA,25.81,0,0
uptime 00:00:38,NA,NA,25.81,0,0
uptime 00:00:39,NA,NA,25.81,0,0
uptime 00:00:40,NA,NA,25.81,0,0
uptime 00:00:41,NA,NA,25.81,0,0
uptime 00:00:42,NA,NA,25.81,0,0
uptime 00:00:43,NA,NA,25.81,0,0
uptime 00:00:44,NA,NA,25.81,0,0
uptime 00:00:45,NA,NA,25.81,0,0
uptime 00:00:46,NA,NA,25.81,0,0
uptime 00:00:47,NA,NA,25.81,0,0
uptime 00:00:48,NA,NA,25.81,0,0
uptime 00:00:49,NA,NA,25.81,0,0
uptime 00:00:50,NA,NA,25.81,0,0
uptime 00:00:51,NA,NA,25.81,0,0
uptime 00:00:52,NA,NA,25.81,0,0
uptime 00:00:53,NA,NA,25.81,0,0
uptime 00:00:54,NA,NA,25.81,0,0
uptime 00:00:55,NA,NA,25.81,0,0
uptime 00:00:56,NA,NA,25.81,0,0
uptime 00:00:57,NA,NA,25.75,0,0
uptime 00:00:58,NA,NA,25.81,0,0
uptime 00:00:59,NA,NA,25.81,0,0
uptime 00:01:00,NA,NA,25.81,0,0
uptime 00:01:01,NA,NA,25.81,0,0
uptime 00:01:02,NA,NA,25.81,0,0
uptime 00:01:03,NA,NA,25.81,0,0
uptime 00:01:04,NA,NA,25.75,0,0
uptime 00:01:05,NA,NA,25.75,0,0
uptime 00:01:06,NA,NA,25.81,0,0
uptime 00:01:07,NA,NA,25.81,0,0
uptime 00:01:08,NA,NA,25.75,0,0
uptime 00:01:09,NA,NA,25.75,0,0
uptime 00:01:10,NA,NA,25.81,0,0
uptime 00:01:11,NA,NA,25.81,0,0
uptime 00:01:12,NA,NA,25.75,0,0
uptime 00:01:13,NA,NA,25.75,0,0
uptime 00:01:14,NA,NA,25.81,0,0
uptime 00:01:15,NA,NA,25.81,0,0
uptime 00:01:16,NA,NA,25.81,0,0
uptime 00:01:17,NA,NA,25.75,0,0
uptime 00:01:18,NA,NA,25.75,0,0
uptime 00:01:19,NA,NA,25.75,0,0
uptime 00:01:20,NA,NA,25.75,0,0
uptime 00:01:21,NA,NA,25.75,0,0
uptime 00:01:22,NA,NA,25.81,0,0
uptime 00:01:23,NA,NA,25.75,0,0
uptime 00:01:24,NA,NA,25.81,0,0
uptime 00:01:25,NA,NA,25.81,0,0
uptime 00:01:26,NA,NA,25.81,0,0
uptime 00:01:27,NA,NA,25.75,0,0
uptime 00:01:28,NA,NA,25.81,0,0
uptime 00:01:29,NA,NA,25.81,0,0
uptime 00:01:30,NA,NA,25.81,0,0
uptime 00:01:31,NA,NA,25.75,0,0
uptime 00:01:32,NA,NA,25.81,0,0
uptime 00:01:33,NA,NA,25.81,0,0
uptime 00:01:34,NA,NA,25.81,0,0
uptime 00:01:35,NA,NA,25.81,0,0
uptime 00:01:36,NA,NA,25.81,0,0
uptime 00:01:37,NA,NA,25.75,0,0
uptime 00:01:38,NA,NA,25.81,0,0
uptime 00:01:39,NA,NA,25.81,0,0
uptime 00:01:40,NA,NA,25.81,0,0
uptime 00:01:41,NA,NA,25.81,0,0
uptime 00:01:42,NA,NA,25.81,0,0
uptime 00:01:43,NA,NA,25.81,0,0
uptime 00:01:44,NA,NA,25.81,0,0
uptime 00:01:45,NA,NA,25.81,0,0
uptime 00:01:46,NA,NA,25.81,0,0
uptime 00:01:47,NA,NA,25.81,0,0
uptime 00:01:48,NA,NA,25.81,0,0
uptime 00:01:49,NA,NA,25.81,0,0
uptime 00:01:50,NA,NA,25.81,0,0
uptime 00:01:51,NA,NA,25.81,0,0
uptime 00:01:52,NA,NA,25.81,0,0
uptime 00:01:53,NA,NA,25.88,0,0
uptime 00:01:54,NA,NA,25.88,0,0
uptime 00:01:55,NA,NA,25.81,0,0
uptime 00:01:56,NA,NA,25.81,0,0
uptime 00:01:57,NA,NA,25.88,0,0
uptime 00:01:58,NA,NA,25.81,0,0
uptime 00:01:59,NA,NA,25.88,0,0
uptime 00:02:00,NA,NA,25.88,0,0
uptime 00:02:01,NA,NA,25.88,0,0
uptime 00:02:02,NA,NA,25.81,0,0
uptime 00:02:03,NA,NA,25.88,0,0
uptime 00:02:04,NA,NA,25.81,0,0
02-10-2025 15:06,NA,NA,25.88,0,0
02-10-2025 15:06,NA,NA,25.88,0,0
02-10-2025 15:06,NA,NA,25.88,0,0
02-10-2025 15:06,NA,NA,25.88,0,0
02-10-2025 15:06,NA,NA,25.88,0,0
02-10-2025 15:06,NA,NA,25.88,0,0
02-10-2025 15:06,NA,NA,25.88,0,0
02-10-2025 15:06,NA,NA,25.88,0,0
02-10-2025 15:06,NA,NA,25.88,0,0
02-10-2025 15:06,NA,NA,25.88,0,0
02-10-2025 15:06,NA,NA,25.88,0,0
02-10-2025 15:06,NA,NA,25.88,0,0
02-10-2025 15:06,NA,NA,25.88,0,0
02-10-2025 15:06,NA,NA,25.88,0,0
02-10-2025 15:06,NA,NA,25.88,0,0
02-10-2025 15:06,NA,NA,25.88,0,0
02-10-2025 15:06,NA,NA,25.88,0,0
02-10-2025 15:06,NA,NA,25.88,0,0
02-10-2025 15:06,NA,NA,25.88,0,0
02-10-2025 15:06,NA,NA,25.88,0,0
02-10-2025 15:06,NA,NA,25.88,0,0
02-10-2025 15:06,NA,NA,25.88,0,0
02-10-2025 15:06,NA,NA,25.88,0,0
02-10-2025 15:06,NA,NA,25.88,0,0
02-10-2025 15:06,NA,NA,25.88,0,0
02-10-2025 15:06,NA,NA,25.88,0,0
02-10-2025 15:07,NA,NA,25.88,0,0
02-10-2025 15:07,NA,NA,25.88,0,0
02-10-2025 15:07,NA,NA,25.88,0,0
02-10-2025 15:07,18.647002,73.764311,25.88,0,0
02-10-2025 15:07,18.647004,73.764315,25.94,0,0
02-10-2025 15:07,18.647006,73.764312,25.88,0,0
02-10-2025 15:07,18.647002,73.764303,25.88,0,0
02-10-2025 15:07,18.646997,73.7643,25.88,0,0
02-10-2025 15:07,18.646996,73.7643,25.88,0,0
02-10-2025 15:07,18.647,73.764306,25.88,0,0
02-10-2025 15:07,18.647001,73.764306,25.88,0,0
02-10-2025 15:07,18.647004,73.764307,25.88,0,0
02-10-2025 15:07,18.647004,73.764307,25.88,0,0
02-10-2025 15:07,18.647004,73.764307,25.88,0,0
02-10-2025 15:07,18.647004,73.764307,25.88,0,0
02-10-2025 15:07,18.647004,73.764307,25.88,0,0
02-10-2025 15:07,18.647004,73.764307,25.88,0,0
02-10-2025 15:07,18.647004,73.764307,25.88,0,0
02-10-2025 15:07,18.647004,73.764307,25.88,0,0
02-10-2025 15:07,18.647004,73.764307,25.88,0,0
02-10-2025 15:07,18.647004,73.764307,25.88,0,0
02-10-2025 15:07,18.647004,73.764307,25.88,0,0
02-10-2025 15:07,18.647004,73.764307,25.88,0,0
02-10-2025 15:07,18.647004,73.764307,25.88,0,0
02-10-2025 15:07,18.647004,73.764307,25.88,0,0
02-10-2025 15:07,18.647004,73.764307,25.88,0,0
02-10-2025 15:07,18.647004,73.764307,25.88,0,0
02-10-2025 15:07,18.647004,73.764307,25.88,0,0
02-10-2025 15:07,18.647004,73.764307,25.88,0,0
02-10-2025 15:07,18.647004,73.764307,25.88,0,0
02-10-2025 15:07,18.647004,73.764307,25.88,0,0
02-10-2025 15:07,18.647004,73.764307,25.88,0,0
02-10-2025 15:07,18.647004,73.764307,25.88,0,0
02-10-2025 15:07,18.647004,73.764307,25.88,0,0
02-10-2025 15:07,18.647004,73.764307,25.88,0,0
02-10-2025 15:07,18.647004,73.764307,25.88,0,0
02-10-2025 15:07,18.647025,73.764357,25.88,0,0
02-10-2025 15:07,18.647,73.76431,25.88,0,0
02-10-2025 15:07,18.646982,73.764291,25.88,0,0
02-10-2025 15:07,18.646974,73.764285,25.88,0,0
02-10-2025 15:07,18.646973,73.764284,25.88,0,0
02-10-2025 15:07,18.646971,73.764282,25.88,0,0
02-10-2025 15:07,18.646971,73.764282,25.88,0,0
02-10-2025 15:07,18.646988,73.764263,25.88,0,0
02-10-2025 15:07,18.647015,73.764267,25.88,0,0
02-10-2025 15:07,18.647009,73.764272,25.88,0,0
02-10-2025 15:07,18.647004,73.764276,25.88,0,0
02-10-2025 15:07,18.647005,73.764273,25.88,0,0
02-10-2025 15:07,18.647005,73.764274,25.88,0,0
02-10-2025 15:07,18.647006,73.764275,25.88,0,0
02-10-2025 15:07,18.647006,73.764275,25.88,0,0
02-10-2025 15:07,18.647006,73.764275,25.88,0,0
02-10-2025 15:07,18.647036,73.764272,25.94,0,0
02-10-2025 15:07,18.647036,73.764272,25.88,0,0
02-10-2025 15:07,18.647036,73.764272,25.88,0,0
02-10-2025 15:07,18.647036,73.764272,25.88,0,0
02-10-2025 15:07,18.647036,73.764272,25.94,0,0
02-10-2025 15:07,18.647036,73.764272,25.94,0,0
02-10-2025 15:07,18.647036,73.764272,25.94,0,0
02-10-2025 15:07,18.647036,73.764272,25.88,0,0
02-10-2025 15:07,18.647036,73.764272,25.94,0,0
02-10-2025 15:07,18.647036,73.764272,25.94,0,0
02-10-2025 15:07,18.647036,73.764272,25.94,0,0
02-10-2025 15:07,18.647036,73.764272,25.94,0,0
02-10-2025 15:07,18.647036,73.764272,25.94,0,0
02-10-2025 15:07,18.647036,73.764272,25.94,0,0
02-10-2025 15:07,18.647036,73.764272,25.88,0,0
02-10-2025 15:07,18.647036,73.764272,25.94,0,0
02-10-2025 15:07,18.647036,73.764272,25.94,0,0
02-10-2025 15:07,18.647036,73.764272,NA,11.415,1
02-10-2025 15:07,18.647036,73.764272,25.94,0,0
02-10-2025 15:08,18.64693,73.764218,26,0,0
02-10-2025 15:08,18.64693,73.764218,26,0,0
02-10-2025 15:08,18.64693,73.764218,26,0,0
02-10-2025 15:08,18.64693,73.764218,26,0,0
02-10-2025 15:08,18.64693,73.764218,26,0,0
02-10-2025 15:08,18.646984,73.764296,26,0,0
02-10-2025 15:08,18.646984,73.764296,26,0,0
02-10-2025 15:08,18.646984,73.764296,26,0,0
02-10-2025 15:08,18.646984,73.764296,26,0,0
02-10-2025 15:08,18.646984,73.764296,26,0,0
02-10-2025 15:08,18.646984,73.764296,26,0,0
02-10-2025 15:08,18.646984,73.764296,26,0,0
02-10-2025 15:08,18.646984,73.764296,26,0,0
02-10-2025 15:08,18.646984,73.764296,26,0,0
02-10-2025 15:08,18.646984,73.764296,26,0,0
02-10-2025 15:08,18.646984,73.764296,26,0,0
02-10-2025 15:08,18.646984,73.764296,26,0,0
02-10-2025 15:08,18.646984,73.764296,26,0,0
02-10-2025 15:08,18.646984,73.764296,25.94,0,0
02-10-2025 15:08,18.646984,73.764296,26,0,0
02-10-2025 15:08,18.646984,73.764296,26,0,0
02-10-2025 15:08,18.646984,73.764296,25.94,0,0
02-10-2025 15:08,18.646984,73.764296,25.94,0,0
02-10-2025 15:08,18.646984,73.764296,25.94,0,0
02-10-2025 15:08,18.646984,73.764296,25.94,0,0
02-10-2025 15:08,18.646984,73.764296,25.94,0,0
02-10-2025 15:08,18.646984,73.764296,25.94,0,0
02-10-2025 15:08,18.646984,73.764296,25.94,0,0
02-10-2025 15:08,18.646984,73.764296,25.94,0,0
02-10-2025 15:08,18.646984,73.764296,25.94,0,0
02-10-2025 15:08,18.646984,73.764296,25.94,0,0
02-10-2025 15:08,18.646984,73.764296,25.94,0,0
02-10-2025 15:08,18.646984,73.764296,25.94,0,0
02-10-2025 15:08,18.646984,73.764296,25.94,0,0
02-10-2025 15:08,18.646984,73.764296,25.94,0,0
02-10-2025 15:08,18.646984,73.764296,25.88,0,0
02-10-2025 15:08,18.646984,73.764296,25.94,0,0
02-10-2025 15:08,18.646984,73.764296,25.94,0,0
02-10-2025 15:08,18.646984,73.764296,25.94,0,0
02-10-2025 15:08,18.646984,73.764296,25.94,0,0
02-10-2025 15:08,18.646984,73.764296,25.94,0,0
02-10-2025 15:08,18.646984,73.764296,25.88,0,0
02-10-2025 15:08,18.646984,73.764296,25.94,0,0
02-10-2025 15:08,18.646984,73.764296,25.88,0,0
02-10-2025 15:08,18.646984,73.764296,25.94,0,0
02-10-2025 15:08,18.646984,73.764296,25.94,0,0
02-10-2025 15:08,18.646984,73.764296,25.88,0,0
02-10-2025 15:08,18.646984,73.764296,25.88,0,0
02-10-2025 15:08,18.646984,73.764296,25.94,0,0
02-10-2025 15:08,18.646984,73.764296,25.88,0,0
02-10-2025 15:08,18.646984,73.764296,25.88,0,0
02-10-2025 15:08,18.646984,73.764296,25.88,0,0
02-10-2025 15:08,18.646984,73.764296,25.88,0,0
02-10-2025 15:08,18.646984,73.764296,25.88,0,0
uptime 00:00:03,NA,NA,25.88,0,0
uptime 00:00:04,NA,NA,25.81,0,0
uptime 00:00:05,NA,NA,25.81,0,0
uptime 00:00:06,NA,NA,25.81,0,0
uptime 00:00:07,NA,NA,25.81,0,0
uptime 00:00:08,NA,NA,25.81,0,0
uptime 00:00:09,NA,NA,25.81,0,0
uptime 00:00:10,NA,NA,25.81,0,0
uptime 00:00:11,NA,NA,25.81,0,0
uptime 00:00:12,NA,NA,25.81,0,0
uptime 00:00:13,NA,NA,25.81,0,0
uptime 00:00:14,NA,NA,25.81,0,0
uptime 00:00:15,NA,NA,25.81,0,0
uptime 00:00:16,NA,NA,25.81,0,0
uptime 00:00:17,NA,NA,25.81,0,0
uptime 00:00:18,NA,NA,25.81,0,0
uptime 00:00:19,NA,NA,25.81,0,0
uptime 00:00:20,NA,NA,25.81,0,0
uptime 00:00:21,NA,NA,25.81,0,0
uptime 00:00:22,NA,NA,25.81,0,0
02-10-2025 15:09,18.647005,73.764292,25.81,0,0
02-10-2025 15:09,18.647005,73.764292,25.81,0,0
02-10-2025 15:09,18.647005,73.764292,25.81,0,0
02-10-2025 15:09,18.647005,73.764292,25.81,0,0
02-10-2025 15:09,18.647005,73.764292,25.81,0,0
02-10-2025 15:09,18.647005,73.764292,25.81,0,0
02-10-2025 15:09,18.647005,73.764292,25.75,0,0
02-10-2025 15:09,18.647005,73.764292,25.81,0,0
02-10-2025 15:09,18.647005,73.764292,25.81,0,0
02-10-2025 15:09,18.647005,73.764292,25.81,0,0
02-10-2025 15:09,18.647005,73.764292,25.81,0,0
02-10-2025 15:09,18.647005,73.764292,25.81,0,0
02-10-2025 15:09,18.647005,73.764292,25.75,0,0
02-10-2025 15:09,18.647005,73.764292,25.81,0,0
02-10-2025 15:09,18.647005,73.764292,25.81,0,0
02-10-2025 15:09,18.647005,73.764292,25.75,0,0
02-10-2025 15:09,18.647005,73.764292,25.75,0,0
02-10-2025 15:09,18.647005,73.764292,25.75,0,0
02-10-2025 15:09,18.647005,73.764292,25.81,0,0
02-10-2025 15:09,18.647005,73.764292,25.75,0,0
02-10-2025 15:09,18.647005,73.764292,25.75,0,0
02-10-2025 15:09,18.647005,73.764292,25.75,0,0
02-10-2025 15:09,18.647005,73.764292,25.81,0,0
02-10-2025 15:09,18.647005,73.764292,25.81,0,0
02-10-2025 15:09,18.647005,73.764292,25.75,0,0
02-10-2025 15:09,18.647005,73.764292,25.81,0,0
02-10-2025 15:09,18.647005,73.764292,25.75,0,0
02-10-2025 15:09,18.647005,73.764292,25.75,0,0
02-10-2025 15:09,18.647005,73.764292,25.75,0,0
02-10-2025 15:09,18.647005,73.764292,25.75,0,0
02-10-2025 15:09,18.647005,73.764292,25.75,0,0
02-10-2025 15:09,18.647005,73.764292,25.81,0,0
02-10-2025 15:09,18.647005,73.764292,25.75,0,0
02-10-2025 15:09,18.647005,73.764292,25.75,0,0
02-10-2025 15:09,18.647005,73.764292,25.75,0,0
02-10-2025 15:09,18.647005,73.764292,25.81,0,0
02-10-2025 15:09,18.647005,73.764292,25.75,0,0
02-10-2025 15:09,18.647005,73.764292,25.81,0,0
02-10-2025 15:09,18.647005,73.764292,25.75,0,0
02-10-2025 15:09,18.647005,73.764292,25.75,0,0
02-10-2025 15:09,18.647005,73.764292,25.81,0,0
02-10-2025 15:09,18.647005,73.764292,25.81,0,0
02-10-2025 15:09,18.647005,73.764292,25.75,0,0
02-10-2025 15:09,18.647005,73.764292,25.75,0,0
02-10-2025 15:09,18.647005,73.764292,25.75,0,0
02-10-2025 15:09,18.647005,73.764292,25.75,0,0
02-10-2025 15:09,18.647005,73.764292,25.75,0,0
02-10-2025 15:09,18.647005,73.764292,25.81,0,0
02-10-2025 15:09,18.647005,73.764292,25.81,0,0
02-10-2025 15:09,18.647005,73.764292,25.75,0,0
02-10-2025 15:10,18.647005,73.764292,25.75,0,0
02-10-2025 15:10,18.647005,73.764292,25.75,0,0
02-10-2025 15:10,18.647005,73.764292,25.75,0,0
02-10-2025 15:10,18.647005,73.764292,25.75,0,0
02-10-2025 15:10,18.647005,73.764292,25.75,0,0
02-10-2025 15:10,18.647005,73.764292,25.75,0,0
02-10-2025 15:10,18.647005,73.764292,25.75,0,0
02-10-2025 15:10,18.647005,73.764292,25.75,0,0
02-10-2025 15:10,18.647005,73.764292,25.75,0,0
02-10-2025 15:10,18.647005,73.764292,25.75,0,0
02-10-2025 15:10,18.647005,73.764292,25.75,0,0
02-10-2025 15:10,18.647005,73.764292,25.75,0,0
02-10-2025 15:10,18.647005,73.764292,25.75,0,0
02-10-2025 15:10,18.647005,73.764292,25.75,0,0
02-10-2025 15:10,18.647005,73.764292,25.75,0,0
02-10-2025 15:10,18.647005,73.764292,25.75,0,0
02-10-2025 15:10,18.647005,73.764292,25.75,0,0
02-10-2025 15:10,18.647005,73.764292,25.75,0,0
02-10-2025 15:10,18.647005,73.764292,25.75,0,0
02-10-2025 15:10,18.647005,73.764292,25.81,0,0
02-10-2025 15:10,18.647005,73.764292,25.75,0,0
02-10-2025 15:10,18.647005,73.764292,25.75,0,0
02-10-2025 15:10,18.647005,73.764292,25.81,0,0
02-10-2025 15:10,18.647005,73.764292,25.81,0,0
02-10-2025 15:10,18.646999,73.764326,25.75,0,0
02-10-2025 15:11,18.646998,73.764307,25.81,0,0
02-10-2025 15:11,18.646997,73.764309,25.75,0,0
02-10-2025 15:11,18.646994,73.764303,25.75,0,0
02-10-2025 15:11,18.646992,73.764297,25.81,0,0
02-10-2025 15:11,18.646991,73.764296,25.81,0,0
02-10-2025 15:11,18.646981,73.764293,25.81,0,0
02-10-2025 15:11,18.646982,73.764296,25.81,0,0
02-10-2025 15:11,18.646983,73.764298,25.81,0,0
02-10-2025 15:11,18.646982,73.764299,25.81,0,0
02-10-2025 15:11,18.646982,73.764299,25.81,0,0
02-10-2025 15:11,18.646981,73.7643,25.81,0,0
02-10-2025 15:11,18.646979,73.7643,25.81,0,0
02-10-2025 15:11,18.646979,73.764301,25.81,0,0
02-10-2025 15:11,18.64698,73.7643,25.81,0,0
02-10-2025 15:11,18.646981,73.7643,25.81,0,0
02-10-2025 15:11,18.646981,73.7643,25.81,0,0
02-10-2025 15:11,18.64698,73.7643,25.81,0,0
02-10-2025 15:11,18.646981,73.7643,25.81,0,0
02-10-2025 15:11,18.64698,73.764299,25.81,0,0
02-10-2025 15:11,18.64698,73.7643,25.81,0,0
02-10-2025 15:11,18.64698,73.7643,25.81,0,0
02-10-2025 15:11,18.646981,73.7643,25.81,0,0
02-10-2025 15:11,18.646983,73.764299,25.81,0,0
02-10-2025 15:11,18.646983,73.764299,25.81,4.325,1
02-10-2025 15:11,18.646984,73.764298,25.81,0,0
02-10-2025 15:11,18.646985,73.764298,25.81,0,0
02-10-2025 15:11,18.646986,73.764298,25.88,0,0
02-10-2025 15:11,18.646986,73.764297,25.81,0,0
02-10-2025 15:11,18.646987,73.764295,25.88,0,0
02-10-2025 15:11,18.646988,73.764295,25.88,0,0
02-10-2025 15:11,18.646988,73.764295,25.88,0,0
02-10-2025 15:11,18.646988,73.764294,25.81,0,0
02-10-2025 15:11,18.646989,73.764294,25.81,0,0
02-10-2025 15:11,18.64699,73.764293,25.81,0,0
02-10-2025 15:11,18.64699,73.764292,25.81,0,0
02-10-2025 15:11,18.646991,73.764292,25.81,0,0
02-10-2025 15:11,18.646992,73.764292,25.81,0,0
02-10-2025 15:11,18.646993,73.764292,25.81,0,0
02-10-2025 15:11,18.646994,73.764291,25.81,0,0
02-10-2025 15:11,18.646994,73.764292,25.81,0,0
02-10-2025 15:11,18.646995,73.764292,25.81,0,0
02-10-2025 15:11,18.646995,73.764292,25.81,0,0
02-10-2025 15:11,18.646995,73.764293,25.81,0,0
02-10-2025 15:11,18.646995,73.764293,25.81,0,0
02-10-2025 15:11,18.646996,73.764293,25.81,0,0
02-10-2025 15:11,18.646996,73.764294,25.81,0,0
02-10-2025 15:11,18.646996,73.764293,25.81,0,0
02-10-2025 15:11,18.646997,73.764293,25.81,0,0
02-10-2025 15:11,18.646997,73.764293,25.81,0,0
02-10-2025 15:11,18.646997,73.764293,25.81,0,0
02-10-2025 15:11,18.646998,73.764293,25.81,0,0
02-10-2025 15:11,18.646998,73.764293,25.81,0,0
02-10-2025 15:11,18.646998,73.764292,25.81,4.325,1
02-10-2025 15:11,18.646998,73.764292,25.81,0,0
02-10-2025 15:11,18.646998,73.764292,25.88,0,0
02-10-2025 15:11,18.646998,73.764292,25.81,0,0
02-10-2025 15:11,18.646998,73.764292,25.81,0,0
02-10-2025 15:11,18.646998,73.764292,25.81,0,0
02-10-2025 15:11,18.646998,73.764292,25.81,0,0
02-10-2025 15:11,18.646998,73.764291,25.81,0,0
02-10-2025 15:12,18.646997,73.764291,25.81,0,0
02-10-2025 15:12,18.646997,73.764291,25.81,0,0
02-10-2025 15:12,18.646997,73.764291,25.81,0,0
02-10-2025 15:12,18.646997,73.764291,25.81,0,0
02-10-2025 15:12,18.646997,73.764291,25.81,0,0
02-10-2025 15:12,18.646996,73.764291,25.81,0,0
02-10-2025 15:12,18.646996,73.764291,25.81,0,0
02-10-2025 15:12,18.646996,73.76429,25.81,0,0
02-10-2025 15:12,18.646996,73.76429,25.75,0,0
02-10-2025 15:12,18.646995,73.76429,25.81,0,0
02-10-2025 15:12,18.646995,73.76429,25.81,0,0
02-10-2025 15:12,18.646995,73.764289,25.75,0,0
02-10-2025 15:12,18.646995,73.764289,25.81,0,0
02-10-2025 15:12,18.646994,73.764289,25.81,0,0
02-10-2025 15:12,18.646994,73.764289,25.81,0,0
02-10-2025 15:12,18.646994,73.764288,25.81,0,0
02-10-2025 15:12,18.646995,73.764289,25.75,0,0
02-10-2025 15:12,18.646995,73.764289,25.81,0,0
02-10-2025 15:12,18.646995,73.764289,25.81,0,0
02-10-2025 15:12,18.646995,73.764289,25.75,0,0
02-10-2025 15:12,18.646995,73.764289,25.75,0,0
